user_id,date,day_index,week,weekday,is_weekend,load_shedding,steps,sleep_hours,sleep_consistency,resting_hr,workout_today,vitality_points,app_engagement_score,streak_broken,healthy_food_pct,food_spend_zar,meal_prep_score,healthy_items_scanned,nutrition_variety,sugar_index,drive_score,trips_today,km_driven,late_night_trip,fatigue_risk,hard_braking,route_risk_level,risk_score,wellness_risk,nutrition_risk,mobility_risk,phase
USR_001,2024-01-01,0,1,Monday,False,False,11125,6.8,90,66,1,148,72,0,0.739,296.62,65,2,6.9,3.0,88,2,30.8,0,0,1,0,9,4.8,23.5,0.0,baseline
USR_001,2024-01-02,1,1,Tuesday,False,False,12489,7.2,81,63,1,166,69,0,0.823,338.73,69,4,7.6,4.3,87,6,30.2,0,0,2,0,6,2.3,22.0,0.0,baseline
USR_001,2024-01-03,2,1,Wednesday,False,False,10804,6.1,70,61,1,142,78,0,0.676,346.08,64,3,7.9,4.1,91,4,36.1,0,0,1,0,12,6.8,30.2,0.0,baseline
USR_001,2024-01-04,3,1,Thursday,False,False,9355,6.3,97,62,1,140,58,0,0.724,350.65,56,3,6.9,3.8,99,3,42.4,0,0,1,0,13,9.1,29.2,0.0,baseline
USR_001,2024-01-05,4,1,Friday,False,False,9814,6.9,75,63,1,135,71,0,0.843,292.31,77,5,6.7,4.1,85,3,30.5,0,0,0,0,7,3.9,20.2,0.0,baseline
USR_001,2024-01-06,5,1,Saturday,True,False,11203,8.2,84,59,1,176,61,0,0.742,324.16,68,4,7.3,3.9,96,3,19.1,0,0,1,0,7,1.3,25.2,0.0,baseline
USR_001,2024-01-07,6,1,Sunday,True,False,12377,6.5,73,63,1,155,76,0,0.814,369.68,51,5,7.8,4.4,82,1,15.4,1,23,1,1,17,5.4,27.9,30.6,baseline
USR_001,2024-01-08,7,2,Monday,False,False,10354,6.8,72,60,1,146,86,0,0.727,244.15,70,5,7.6,4.2,88,5,47.8,0,0,1,0,8,3.3,26.2,0.0,baseline
USR_001,2024-01-09,8,2,Tuesday,False,False,10932,6.2,87,61,0,96,81,0,0.725,300.78,74,4,8.4,4.3,88,3,36.3,0,0,0,0,20,26.3,26.6,0.0,baseline
USR_001,2024-01-10,9,2,Wednesday,False,False,11799,7.3,77,61,1,172,85,0,0.727,323.44,65,4,8.5,3.8,88,5,32.8,0,0,2,0,8,1.2,26.5,0.0,baseline
USR_001,2024-01-11,10,2,Thursday,False,True,7422,6.8,75,59,0,72,90,0,0.633,293.47,48,4,8.2,3.3,79,2,52.3,0,0,2,1,24,28.4,34.5,2.8,baseline
USR_001,2024-01-12,11,2,Friday,False,True,7806,7.3,88,60,0,91,92,0,0.753,351.41,39,3,7.6,4.3,78,2,26.6,0,0,0,1,24,25.3,34.1,3.3,baseline
USR_001,2024-01-13,12,2,Saturday,True,True,9017,8.1,62,64,1,160,71,0,0.69,330.75,33,7,7.9,4.0,89,4,13.9,0,0,0,1,13,3.0,38.1,0.0,baseline
USR_001,2024-01-14,13,2,Sunday,True,False,12207,6.5,83,63,1,161,69,0,0.848,238.76,82,1,6.7,3.3,87,4,17.4,0,0,0,0,7,5.6,17.5,0.0,baseline
USR_001,2024-01-15,14,3,Monday,False,False,9481,6.7,92,63,0,87,80,0,0.831,323.52,59,4,6.5,4.0,82,6,53.0,0,0,0,0,19,25.5,23.6,1.4,baseline
USR_001,2024-01-16,15,3,Tuesday,False,False,10622,7.3,79,61,1,166,58,0,0.698,358.61,68,3,6.7,4.2,90,2,36.9,0,0,0,0,9,2.9,28.3,0.0,baseline
USR_001,2024-01-17,16,3,Wednesday,False,False,10873,7.0,85,62,1,157,70,0,0.73,312.1,70,2,7.6,4.1,90,3,42.5,0,0,0,0,8,2.8,25.8,0.0,baseline
USR_001,2024-01-18,17,3,Thursday,False,False,10068,6.6,83,63,1,164,76,0,0.771,292.46,65,1,7.0,4.0,83,3,40.2,0,0,0,0,10,5.0,24.9,0.9,baseline
USR_001,2024-01-19,18,3,Friday,False,False,10824,6.9,68,62,0,100,100,0,0.764,392.19,47,3,8.3,3.4,85,1,38.5,0,0,0,0,18,23.3,28.6,0.0,baseline
USR_001,2024-01-20,19,3,Saturday,True,False,11796,7.5,84,59,1,179,83,0,0.731,266.69,84,0,7.9,3.7,84,4,19.8,0,0,0,0,6,0.0,24.6,0.5,baseline
USR_001,2024-01-21,20,3,Sunday,True,False,13221,7.0,96,59,0,123,99,0,0.774,321.44,64,1,7.0,4.0,80,1,17.2,0,0,1,0,17,22.3,25.0,2.4,baseline
USR_001,2024-01-22,21,4,Monday,False,False,9251,6.6,85,61,1,129,75,0,0.772,344.02,61,1,8.1,3.6,92,2,49.3,0,0,0,0,9,5.9,24.8,0.0,baseline
USR_001,2024-01-23,22,4,Tuesday,False,False,9161,7.1,77,66,1,153,71,0,0.795,332.13,83,3,6.7,3.3,80,0,43.5,0,0,0,0,9,5.0,20.1,2.4,baseline
USR_001,2024-01-24,23,4,Wednesday,False,False,11525,6.4,86,65,0,91,77,0,0.89,260.41,63,4,5.9,4.7,87,2,32.0,0,0,0,0,17,26.4,21.6,0.0,baseline
USR_001,2024-01-25,24,4,Thursday,False,True,8120,7.2,74,59,1,153,78,0,0.673,315.36,35,5,7.8,4.1,78,4,56.4,0,0,0,1,15,5.2,38.6,3.3,baseline
USR_001,2024-01-26,25,4,Friday,False,True,8111,7.0,79,63,0,101,66,0,0.553,255.29,46,4,6.3,4.2,73,2,41.3,0,0,1,1,26,27.4,41.8,5.6,baseline
USR_001,2024-01-27,26,4,Saturday,True,False,14778,7.6,74,64,0,114,83,0,0.905,354.44,66,0,7.9,4.1,89,1,20.9,0,0,1,0,15,21.0,18.2,0.0,baseline
USR_001,2024-01-28,27,4,Sunday,True,False,13753,7.0,93,63,1,176,96,0,0.841,399.94,78,3,7.0,4.0,88,1,18.9,0,0,0,0,7,3.1,20.0,0.0,baseline
USR_001,2024-01-29,28,5,Monday,False,False,10190,6.6,77,60,0,99,78,0,0.812,285.16,71,2,6.9,4.5,80,3,33.8,0,0,0,0,19,24.2,22.9,2.4,baseline
USR_001,2024-01-30,29,5,Tuesday,False,False,10848,7.2,85,66,1,167,100,0,0.725,347.55,55,5,8.0,3.4,91,0,50.4,0,0,1,0,8,2.9,28.2,0.0,baseline
USR_001,2024-01-31,30,5,Wednesday,False,False,11288,6.5,75,63,1,148,83,0,0.78,288.38,55,2,8.2,4.0,86,4,39.9,1,28,2,1,18,5.4,27.3,31.2,baseline
USR_001,2024-02-01,31,5,Thursday,False,False,11096,6.9,77,58,1,146,84,0,0.89,289.91,85,5,7.0,3.9,97,1,33.2,0,0,0,0,6,2.8,17.2,0.0,baseline
USR_001,2024-02-02,32,5,Friday,False,False,10769,6.4,86,63,1,143,76,0,0.775,349.79,71,7,6.5,4.2,91,1,43.2,1,25,1,1,17,5.9,23.8,30.0,baseline
USR_001,2024-02-03,33,5,Saturday,True,False,12159,6.9,88,64,1,158,86,0,0.793,333.04,59,2,7.8,3.9,87,4,17.1,0,0,2,0,9,3.8,25.2,0.0,baseline
USR_001,2024-02-04,34,5,Sunday,True,False,10078,7.0,89,63,1,174,100,0,0.85,316.14,66,2,8.2,3.8,82,3,19.8,0,0,2,0,7,3.1,20.0,1.4,baseline
USR_001,2024-02-05,35,6,Monday,False,False,11219,7.4,93,64,1,167,83,0,0.761,330.66,65,2,7.8,3.2,87,6,57.2,0,0,2,0,7,1.5,23.0,0.0,baseline
USR_001,2024-02-06,36,6,Tuesday,False,False,9526,6.8,80,62,1,156,53,0,0.739,370.09,77,2,7.7,4.0,87,0,31.7,0,0,1,0,9,7.1,25.0,0.0,baseline
USR_001,2024-02-07,37,6,Wednesday,False,False,11364,6.2,80,65,1,150,62,0,0.846,295.17,81,7,7.2,3.9,83,3,48.0,0,0,0,0,9,8.5,19.4,0.9,baseline
USR_001,2024-02-08,38,6,Thursday,False,True,7199,7.2,78,63,0,90,67,0,0.576,275.9,31,1,6.9,4.0,84,1,36.9,0,0,1,1,29,28.2,44.3,0.5,baseline
USR_001,2024-02-09,39,6,Friday,False,True,9901,7.1,67,63,1,154,84,0,0.675,394.42,31,3,8.2,3.9,82,1,48.1,0,0,1,1,13,2.8,39.1,1.4,baseline
USR_001,2024-02-10,40,6,Saturday,True,True,8194,7.3,89,64,1,140,71,0,0.657,352.39,30,6,7.8,3.8,87,2,16.6,0,0,0,1,13,5.5,40.0,0.0,baseline
USR_001,2024-02-11,41,6,Sunday,True,False,11386,7.1,100,63,1,159,85,0,0.743,346.66,64,1,7.2,3.5,84,1,16.0,0,0,1,0,9,2.6,25.1,0.5,baseline
USR_001,2024-02-12,42,7,Monday,False,False,13173,7.3,72,61,1,180,67,0,0.83,370.33,72,2,7.2,4.6,96,4,58.9,0,0,0,0,7,1.6,22.3,0.0,decline
USR_001,2024-02-13,43,7,Tuesday,False,False,10901,7.1,76,62,0,100,62,0,0.881,291.31,65,6,6.1,3.6,94,1,47.5,0,0,1,0,17,23.5,18.2,0.0,decline
USR_001,2024-02-14,44,7,Wednesday,False,False,9890,6.2,96,59,1,136,73,0,0.814,275.74,61,2,7.3,4.1,80,2,39.8,0,1,3,0,11,6.3,24.2,2.8,decline
USR_001,2024-02-15,45,7,Thursday,False,False,11788,6.1,91,62,1,142,75,0,0.822,444.6,63,4,7.4,4.4,79,3,50.5,0,2,0,0,11,7.0,24.1,3.6,decline
USR_001,2024-02-16,46,7,Friday,False,False,10136,6.3,81,62,1,150,75,0,0.796,343.64,69,5,7.6,4.1,95,2,53.4,0,3,1,0,10,6.1,22.8,1.2,decline
USR_001,2024-02-17,47,7,Saturday,True,False,13346,6.5,97,58,0,99,73,0,0.682,290.49,69,3,7.6,3.7,88,2,19.1,0,4,0,0,18,24.7,27.3,1.6,decline
USR_001,2024-02-18,48,7,Sunday,True,False,11412,6.7,77,61,1,145,74,0,0.723,329.18,70,3,6.0,4.7,78,0,17.1,0,5,0,0,10,4.0,28.0,5.3,decline
USR_001,2024-02-19,49,8,Monday,False,False,9854,6.1,85,64,1,145,70,0,0.714,384.65,52,4,7.6,4.1,92,3,43.1,0,6,2,0,12,7.8,31.7,2.4,decline
USR_001,2024-02-20,50,8,Tuesday,False,False,8374,6.1,83,64,0,79,64,0,0.709,292.12,72,1,5.7,4.3,82,2,38.0,0,6,1,0,23,31.6,27.4,3.8,decline
USR_001,2024-02-21,51,8,Wednesday,False,False,10552,6.0,81,62,1,148,71,0,0.713,404.04,61,4,5.8,4.6,77,1,35.2,0,8,0,0,15,7.5,30.7,7.0,decline
USR_001,2024-02-22,52,8,Thursday,False,False,9891,6.4,85,63,1,144,57,0,0.718,376.58,69,2,7.4,5.1,69,2,45.9,0,9,2,0,15,8.0,29.7,11.1,decline
USR_001,2024-02-23,53,8,Friday,False,False,9194,6.0,75,65,0,86,77,0,0.667,419.88,52,3,6.3,5.0,81,4,30.1,0,10,1,0,26,29.9,36.8,5.9,decline
USR_001,2024-02-24,54,8,Saturday,True,False,8797,6.0,82,65,0,82,62,0,0.597,400.98,58,7,7.1,5.0,80,1,17.6,0,10,0,0,24,31.8,38.6,6.4,decline
USR_001,2024-02-25,55,8,Sunday,True,True,7363,6.0,73,62,0,73,54,0,0.57,325.95,38,1,5.9,5.9,69,2,15.4,0,12,1,1,32,35.1,48.3,12.3,decline
USR_001,2024-02-26,56,9,Monday,False,True,5675,5.7,75,62,1,95,56,0,0.521,260.12,28,3,5.8,4.8,70,3,31.5,0,12,0,1,24,19.6,50.3,11.9,decline
USR_001,2024-02-27,57,9,Tuesday,False,True,6369,5.6,67,64,1,102,41,0,0.391,253.12,32,3,5.5,5.1,79,2,48.0,0,13,1,1,30,21.3,56.6,8.0,decline
USR_001,2024-02-28,58,9,Wednesday,False,True,5551,5.6,72,67,0,52,50,0,0.504,274.97,36,1,6.5,5.3,67,1,41.7,0,16,1,1,40,42.4,50.4,14.9,decline
USR_001,2024-02-29,59,9,Thursday,False,False,7931,5.3,69,63,1,121,43,0,0.514,321.23,50,0,5.8,4.9,73,5,36.4,0,14,2,0,25,19.0,44.7,11.2,decline
USR_001,2024-03-01,60,9,Friday,False,False,8286,6.1,67,65,1,134,45,0,0.614,281.1,60,1,6.2,5.5,78,4,31.1,0,13,2,0,19,14.8,38.7,8.5,decline
USR_001,2024-03-02,61,9,Saturday,True,False,9034,5.9,68,62,0,90,50,0,0.557,426.31,55,5,5.8,5.9,76,3,17.1,0,15,1,0,32,32.8,44.1,10.2,decline
USR_001,2024-03-03,62,9,Sunday,True,False,10126,6.1,81,62,0,104,46,0,0.576,402.39,55,1,6.9,4.9,73,0,14.2,0,18,0,0,28,30.5,40.2,12.8,decline
USR_001,2024-03-04,63,10,Monday,False,False,9281,5.1,60,63,1,125,40,0,0.551,368.06,58,3,4.9,5.9,78,2,37.1,0,19,2,0,22,17.7,43.6,10.9,decline
USR_001,2024-03-05,64,10,Tuesday,False,False,6544,5.3,67,69,0,62,38,0,0.543,348.32,57,4,5.4,5.8,69,2,38.4,0,20,2,0,35,44.0,44.0,15.5,decline
USR_001,2024-03-06,65,10,Wednesday,False,False,6289,5.3,55,69,1,116,38,0,0.602,423.88,47,4,5.8,5.8,72,0,29.4,0,22,3,0,27,24.5,43.9,14.9,decline
USR_001,2024-03-07,66,10,Thursday,False,False,5481,5.5,62,68,0,46,36,0,0.569,275.41,57,2,5.7,5.5,71,3,21.2,1,44,0,1,44,45.2,41.8,44.2,decline
USR_001,2024-03-08,67,10,Friday,False,False,6754,5.1,59,66,0,56,37,0,0.507,338.7,54,3,5.7,4.9,76,2,30.6,0,21,0,0,35,43.9,43.9,12.6,decline
USR_001,2024-03-09,68,10,Saturday,True,False,7699,5.5,65,62,1,110,43,0,0.511,283.56,39,3,5.7,6.0,78,2,13.7,0,23,2,0,24,18.3,51.3,12.5,decline
USR_001,2024-03-10,69,10,Sunday,True,False,7713,5.0,69,65,1,127,35,0,0.464,392.65,43,2,4.6,6.3,76,1,13.2,0,25,0,0,31,22.5,53.4,14.2,decline
USR_001,2024-03-11,70,11,Monday,False,False,7857,5.3,58,67,0,72,40,0,0.541,405.19,52,3,4.8,5.9,68,4,37.1,0,22,0,0,35,40.6,45.8,16.8,decline
USR_001,2024-03-12,71,11,Tuesday,False,False,5570,5.0,65,60,1,94,23,0,0.485,344.89,41,1,4.8,5.5,67,6,36.4,1,49,2,1,38,27.2,50.5,48.1,recovery
USR_001,2024-03-13,72,11,Wednesday,False,True,4759,5.2,70,65,0,43,28,1,0.396,363.96,13,3,5.0,6.1,57,4,18.6,0,22,2,1,51,53.5,64.8,22.0,recovery
USR_001,2024-03-14,73,11,Thursday,False,True,4067,5.1,65,64,0,35,38,0,0.44,332.84,24,3,4.7,6.2,64,5,40.8,0,21,0,1,41,48.6,59.7,18.3,recovery
USR_001,2024-03-15,74,11,Friday,False,False,5967,5.4,66,62,1,97,34,0,0.57,305.25,56,4,5.3,7.1,75,1,48.1,0,20,0,0,25,23.5,46.8,12.7,recovery
USR_001,2024-03-16,75,11,Saturday,True,False,8370,6.1,59,66,1,126,38,0,0.572,347.05,58,0,5.6,5.8,73,1,18.5,0,17,0,0,24,15.9,42.2,12.4,recovery
USR_001,2024-03-17,76,11,Sunday,True,False,8619,5.5,63,61,0,87,46,0,0.54,369.15,46,1,6.6,6.0,80,1,20.8,0,17,1,0,35,35.8,47.9,9.2,recovery
USR_001,2024-03-18,77,12,Monday,False,False,7191,5.7,68,63,1,123,54,0,0.596,351.2,63,4,6.2,5.7,76,4,39.3,0,17,0,0,21,17.1,39.3,11.0,recovery
USR_001,2024-03-19,78,12,Tuesday,False,False,7592,5.5,68,58,1,110,62,0,0.61,401.42,55,1,6.1,4.6,82,4,40.9,0,16,2,0,20,15.3,37.6,7.8,recovery
USR_001,2024-03-20,79,12,Wednesday,False,False,10019,5.7,76,64,1,173,63,0,0.568,410.63,51,2,5.4,4.8,77,4,30.4,0,12,0,0,18,10.4,41.4,8.6,recovery
USR_001,2024-03-21,80,12,Thursday,False,False,8493,5.6,61,64,1,125,44,0,0.667,295.34,66,4,7.3,4.3,90,5,36.9,0,10,1,0,17,16.6,30.7,4.0,recovery
USR_001,2024-03-22,81,12,Friday,False,False,8195,5.7,87,65,1,129,72,0,0.586,379.02,78,5,7.0,4.9,74,1,27.9,0,9,1,0,18,13.3,35.4,8.8,recovery
USR_001,2024-03-23,82,12,Saturday,True,False,10612,6.3,88,64,0,94,59,0,0.698,324.16,56,2,6.5,5.1,82,0,11.9,0,9,1,0,24,28.2,34.4,5.0,recovery
USR_001,2024-03-24,83,12,Sunday,True,False,9675,6.3,85,68,1,130,69,0,0.674,232.4,66,4,7.2,4.1,80,2,17.8,0,6,0,0,14,8.4,29.7,4.8,recovery
USR_002,2024-01-01,0,1,Monday,False,False,6887,5.4,81,65,0,60,77,0,0.509,179.04,72,4,6.4,4.2,74,0,50.8,0,0,0,0,28,37.3,37.2,5.2,baseline
USR_002,2024-01-02,1,1,Tuesday,False,False,7980,5.5,72,66,1,107,77,0,0.607,183.27,79,3,7.2,4.0,74,3,37.7,0,0,0,0,16,14.9,31.6,5.2,baseline
USR_002,2024-01-03,2,1,Wednesday,False,False,6180,6.6,87,64,1,116,63,0,0.572,191.25,66,5,8.8,4.6,73,0,40.5,0,0,1,0,17,13.8,36.3,5.6,baseline
USR_002,2024-01-04,3,1,Thursday,False,False,6445,5.6,77,65,1,112,85,0,0.52,204.14,65,3,7.7,3.7,76,4,37.8,1,26,0,1,23,17.2,36.5,34.6,baseline
USR_002,2024-01-05,4,1,Friday,False,False,5623,6.0,75,64,0,55,78,0,0.548,159.58,63,1,8.0,4.6,74,1,52.2,0,0,1,0,30,36.8,38.4,5.2,baseline
USR_002,2024-01-06,5,1,Saturday,True,False,9173,7.3,94,64,1,149,74,0,0.553,191.64,74,6,7.9,3.9,78,1,16.0,0,0,1,0,12,3.6,34.0,3.3,baseline
USR_002,2024-01-07,6,1,Sunday,True,False,7715,5.9,87,65,1,130,70,0,0.551,189.27,76,5,9.1,3.7,73,0,7.5,0,0,0,0,18,13.3,33.6,5.6,baseline
USR_002,2024-01-08,7,2,Monday,False,False,7442,5.8,92,64,1,112,74,0,0.619,156.77,56,4,6.0,3.8,79,4,22.1,0,0,0,0,16,14.0,34.4,2.8,baseline
USR_002,2024-01-09,8,2,Tuesday,False,False,7537,6.1,93,61,1,114,82,0,0.578,185.7,53,1,7.1,4.6,72,2,41.2,0,0,1,0,18,11.7,39.8,6.1,baseline
USR_002,2024-01-10,9,2,Wednesday,False,False,6573,6.1,64,72,1,108,88,0,0.522,207.57,67,1,7.3,4.3,69,4,48.5,0,0,2,0,20,16.4,37.7,7.5,baseline
USR_002,2024-01-11,10,2,Thursday,False,True,5181,6.2,97,68,1,98,73,0,0.476,200.83,48,2,7.6,3.3,63,2,53.8,0,0,0,1,22,17.7,42.4,10.4,baseline
USR_002,2024-01-12,11,2,Friday,False,True,6050,6.9,86,70,0,59,85,0,0.36,199.79,48,5,7.1,4.3,72,4,57.4,0,0,1,1,29,33.2,51.2,6.1,baseline
USR_002,2024-01-13,12,2,Saturday,True,True,7030,6.3,78,68,0,68,64,0,0.46,214.55,22,7,6.7,4.1,65,0,18.7,0,0,1,1,36,34.4,53.0,9.4,baseline
USR_002,2024-01-14,13,2,Sunday,True,False,7600,6.3,92,66,0,72,79,0,0.534,199.84,61,1,8.1,4.0,71,1,15.6,0,0,0,0,29,31.9,37.9,6.6,baseline
USR_002,2024-01-15,14,3,Monday,False,False,6686,6.3,95,66,0,61,66,0,0.661,177.2,73,2,9.3,4.2,78,5,49.7,0,0,0,0,24,34.3,29.6,3.3,baseline
USR_002,2024-01-16,15,3,Tuesday,False,False,7383,5.7,84,61,1,110,72,0,0.516,169.33,78,5,9.1,2.9,71,3,48.4,0,0,1,0,18,13.9,32.9,6.6,baseline
USR_002,2024-01-17,16,3,Wednesday,False,False,6726,6.1,83,65,0,61,69,0,0.58,194.1,77,3,6.8,3.8,71,4,39.3,0,0,0,0,26,34.5,32.4,6.6,baseline
USR_002,2024-01-18,17,3,Thursday,False,False,7010,6.6,85,64,0,70,73,0,0.534,203.07,77,3,7.3,5.0,71,2,58.1,0,0,0,0,25,31.2,38.3,6.6,baseline
USR_002,2024-01-19,18,3,Friday,False,False,6586,5.7,78,67,0,58,73,0,0.528,225.63,78,1,7.7,4.7,76,4,43.6,0,0,0,0,31,37.0,37.7,4.2,baseline
USR_002,2024-01-20,19,3,Saturday,True,False,8976,6.4,90,61,0,79,75,0,0.597,195.8,69,3,8.4,3.7,75,0,20.8,0,0,0,0,21,27.4,31.5,4.7,baseline
USR_002,2024-01-21,20,3,Sunday,True,False,8302,5.9,95,63,0,81,75,0,0.577,219.34,66,2,7.3,4.4,80,5,14.8,0,0,1,0,25,31.6,35.5,2.4,baseline
USR_002,2024-01-22,21,4,Monday,False,False,8067,6.8,74,63,1,131,62,0,0.603,186.23,71,1,7.1,3.9,74,4,42.4,0,0,0,0,14,9.0,31.6,5.2,baseline
USR_002,2024-01-23,22,4,Tuesday,False,False,7875,6.4,89,65,1,128,61,0,0.642,155.09,64,2,7.0,3.1,77,3,34.3,0,0,0,0,16,11.9,28.9,3.8,baseline
USR_002,2024-01-24,23,4,Wednesday,False,False,7256,5.8,92,60,1,119,78,0,0.622,220.38,75,1,6.6,4.2,76,4,39.5,0,0,1,0,17,13.4,31.5,4.2,baseline
USR_002,2024-01-25,24,4,Thursday,False,True,4786,5.8,85,67,0,37,65,0,0.491,164.63,40,6,8.3,4.6,71,1,36.7,1,24,0,2,38,40.8,47.8,36.2,baseline
USR_002,2024-01-26,25,4,Friday,False,True,6129,5.9,78,67,1,107,86,0,0.427,199.68,41,8,7.4,4.7,68,6,44.3,0,0,1,1,24,17.0,51.0,8.0,baseline
USR_002,2024-01-27,26,4,Saturday,True,False,7620,6.4,93,64,1,124,74,0,0.57,161.48,64,2,8.1,3.9,71,0,14.7,0,0,1,0,17,10.9,34.9,6.6,baseline
USR_002,2024-01-28,27,4,Sunday,True,False,10249,7.1,73,66,0,115,77,0,0.516,185.86,71,6,7.1,4.1,80,3,21.0,0,0,1,0,21,23.4,36.5,2.4,baseline
USR_002,2024-01-29,28,5,Monday,False,False,7259,5.7,93,65,1,118,70,0,0.606,152.38,62,2,6.4,4.2,68,1,63.5,0,0,0,0,19,15.1,34.6,8.0,baseline
USR_002,2024-01-30,29,5,Tuesday,False,False,7320,6.2,83,57,0,70,58,0,0.628,199.91,75,1,8.1,3.6,76,4,34.4,0,0,0,0,23,33.1,29.4,4.2,baseline
USR_002,2024-01-31,30,5,Wednesday,False,False,7019,5.5,72,68,1,118,70,0,0.647,172.23,69,1,7.3,4.2,75,6,37.6,0,0,0,0,17,17.3,30.5,4.7,baseline
USR_002,2024-02-01,31,5,Thursday,False,False,7616,5.9,100,64,1,122,85,0,0.555,186.86,59,8,8.4,4.3,78,2,57.1,1,24,1,1,26,13.2,38.3,32.9,baseline
USR_002,2024-02-02,32,5,Friday,False,False,8584,5.8,81,68,0,83,87,0,0.608,156.79,67,0,8.4,3.8,75,4,47.7,0,0,0,0,26,32.8,31.9,4.7,baseline
USR_002,2024-02-03,33,5,Saturday,True,False,6920,7.1,78,65,0,79,65,0,0.496,202.77,59,0,8.0,4.2,76,2,14.5,0,0,0,0,27,30.0,40.9,4.2,baseline
USR_002,2024-02-04,34,5,Sunday,True,False,6876,5.8,86,61,0,56,72,0,0.642,195.73,79,8,6.5,3.8,66,3,14.7,0,0,1,0,26,34.4,29.3,8.9,baseline
USR_002,2024-02-05,35,6,Monday,False,False,4920,6.3,64,65,0,40,81,0,0.613,189.42,68,7,7.9,4.0,83,2,32.6,0,0,0,0,26,37.0,31.9,0.9,baseline
USR_002,2024-02-06,36,6,Tuesday,False,False,7163,6.8,86,68,1,115,76,0,0.55,218.01,79,3,8.3,4.4,76,4,39.6,0,0,0,0,17,10.9,35.7,4.2,baseline
USR_002,2024-02-07,37,6,Wednesday,False,False,8537,6.0,86,67,1,125,50,0,0.519,209.08,73,4,6.7,3.9,72,1,47.7,0,0,1,0,18,14.5,35.8,6.1,baseline
USR_002,2024-02-08,38,6,Thursday,False,True,5565,6.4,73,67,0,51,49,0,0.476,228.13,47,6,6.3,4.2,69,2,49.2,0,0,0,1,31,38.8,45.4,7.5,baseline
USR_002,2024-02-09,39,6,Friday,False,True,4793,5.9,83,63,0,38,93,0,0.467,206.24,25,1,8.3,3.7,65,2,38.3,0,0,1,1,32,38.6,50.6,9.4,baseline
USR_002,2024-02-10,40,6,Saturday,True,True,6129,6.2,84,66,0,60,72,0,0.453,210.85,42,5,6.8,4.4,74,3,18.7,0,0,0,1,29,35.3,48.6,5.2,baseline
USR_002,2024-02-11,41,6,Sunday,True,False,7634,6.2,79,66,0,66,79,0,0.593,187.08,80,1,7.4,4.1,78,0,15.1,0,0,1,0,26,32.3,32.6,3.3,baseline
USR_002,2024-02-12,42,7,Monday,False,False,8420,6.2,81,61,1,140,61,0,0.594,166.51,68,2,7.1,3.9,64,4,37.0,0,0,0,0,17,10.8,32.6,9.9,decline
USR_002,2024-02-13,43,7,Tuesday,False,False,7819,6.2,82,64,0,63,77,0,0.561,178.74,68,3,7.8,3.9,84,1,34.8,0,0,0,0,24,31.4,34.2,0.5,decline
USR_002,2024-02-14,44,7,Wednesday,False,False,7514,5.5,81,65,0,72,72,0,0.55,164.45,57,2,7.0,4.3,75,2,44.9,0,1,1,0,28,35.6,39.1,5.1,decline
USR_002,2024-02-15,45,7,Thursday,False,False,5546,5.7,84,67,0,48,93,0,0.598,175.76,51,4,7.1,4.4,75,6,52.5,0,2,1,0,29,39.1,38.7,5.5,decline
USR_002,2024-02-16,46,7,Friday,False,False,5245,5.6,80,65,1,93,73,0,0.507,184.17,52,2,6.3,3.3,76,1,52.2,0,3,1,0,23,19.6,39.7,5.4,decline
USR_002,2024-02-17,47,7,Saturday,True,False,8030,6.2,83,64,0,73,60,0,0.567,233.42,74,7,7.5,5.1,70,1,18.2,0,4,0,0,30,32.4,37.0,8.7,decline
USR_002,2024-02-18,48,7,Sunday,True,False,7712,6.1,79,67,1,116,66,0,0.533,94.13,53,4,8.0,4.3,70,0,18.2,0,4,0,0,19,13.4,41.1,8.7,decline
USR_002,2024-02-19,49,8,Monday,False,False,6924,5.6,68,63,1,114,78,0,0.519,179.77,78,3,8.0,5.2,76,2,36.9,0,6,2,0,21,15.8,39.6,6.6,decline
USR_002,2024-02-20,50,8,Tuesday,False,False,7276,5.6,68,66,0,75,69,0,0.473,194.84,54,2,7.0,4.4,68,1,41.0,0,6,1,0,32,36.0,44.1,10.4,decline
USR_002,2024-02-21,51,8,Wednesday,False,False,6118,5.7,67,64,0,56,66,0,0.53,183.75,62,2,7.0,4.3,69,1,37.6,0,8,0,0,30,37.7,38.7,10.7,decline
USR_002,2024-02-22,52,8,Thursday,False,False,6700,5.3,69,66,1,107,53,0,0.498,223.18,62,3,6.8,4.6,66,4,46.6,0,7,0,0,26,20.8,41.2,11.7,decline
USR_002,2024-02-23,53,8,Friday,False,False,6315,5.1,63,62,1,101,60,0,0.467,164.81,64,3,7.3,4.8,65,2,52.4,0,9,0,0,25,20.5,42.8,13.0,decline
USR_002,2024-02-24,54,8,Saturday,True,False,6984,5.7,78,69,0,58,60,0,0.457,163.78,54,3,6.0,5.1,67,3,11.9,0,10,0,0,34,38.1,47.0,12.5,decline
USR_002,2024-02-25,55,8,Sunday,True,True,4098,6.1,64,64,0,38,43,0,0.259,176.69,24,2,7.2,4.7,63,2,14.6,0,10,2,1,42,43.2,64.3,14.4,decline
USR_002,2024-02-26,56,9,Monday,False,True,4336,5.2,70,62,0,43,58,0,0.316,260.69,29,3,6.2,4.8,56,3,40.2,0,12,0,1,39,44.3,60.3,18.4,decline
USR_002,2024-02-27,57,9,Tuesday,False,True,5584,4.8,78,68,0,49,64,0,0.396,185.64,16,0,5.9,4.8,58,6,45.6,0,12,0,1,42,44.3,60.0,17.5,decline
USR_002,2024-02-28,58,9,Wednesday,False,True,3963,4.9,45,68,0,28,47,0,0.356,148.61,31,2,6.9,4.9,62,4,30.0,1,46,0,2,50,49.5,58.0,49.2,decline
USR_002,2024-02-29,59,9,Thursday,False,False,4780,4.8,72,67,0,41,59,0,0.469,179.95,60,3,5.2,6.1,72,3,28.3,0,13,1,0,35,46.4,47.7,11.3,decline
USR_002,2024-03-01,60,9,Friday,False,False,5111,4.7,75,69,0,51,41,0,0.454,172.95,46,0,5.9,5.5,67,3,45.4,0,15,1,0,39,49.2,50.7,14.5,decline
USR_002,2024-03-02,61,9,Saturday,True,False,6338,5.2,74,65,0,55,51,0,0.438,200.03,63,5,6.3,5.9,68,3,21.1,0,16,1,0,35,42.0,47.8,14.4,decline
USR_002,2024-03-03,62,9,Sunday,True,False,4098,4.9,59,64,1,86,53,0,0.486,176.65,51,2,5.4,4.9,62,1,15.4,0,17,0,0,32,27.4,45.8,17.6,decline
USR_002,2024-03-04,63,10,Monday,False,False,5536,4.6,73,64,0,47,49,0,0.39,203.43,51,2,5.8,6.2,67,2,36.6,0,20,1,0,39,46.5,54.5,16.5,decline
USR_002,2024-03-05,64,10,Tuesday,False,False,5280,4.5,57,71,1,91,38,0,0.447,208.84,60,3,4.9,6.6,72,2,37.0,0,22,3,0,31,30.8,50.3,14.9,decline
USR_002,2024-03-06,65,10,Wednesday,False,False,4966,5.0,66,69,0,38,44,0,0.444,188.7,56,1,4.8,5.4,64,2,36.5,0,19,0,0,40,47.7,48.0,17.5,decline
USR_002,2024-03-07,66,10,Thursday,False,False,4791,4.1,68,70,0,41,39,0,0.372,232.08,47,2,5.2,4.7,60,4,24.4,0,22,0,0,41,53.2,52.1,20.6,decline
USR_002,2024-03-08,67,10,Friday,False,False,4097,3.8,63,70,0,41,42,0,0.424,148.66,41,1,5.0,5.7,67,0,31.8,0,25,2,0,44,55.6,54.2,18.5,decline
USR_002,2024-03-09,68,10,Saturday,True,False,5158,5.0,66,66,0,51,33,0,0.414,222.21,54,6,5.0,6.0,66,0,14.3,0,26,2,0,38,48.1,51.9,19.3,decline
USR_002,2024-03-10,69,10,Sunday,True,False,5415,4.3,53,71,0,52,38,0,0.35,268.93,54,0,5.3,6.3,57,1,17.5,0,25,0,0,47,51.4,56.0,23.2,decline
USR_002,2024-03-11,70,11,Monday,False,False,4365,3.6,59,69,1,87,30,0,0.44,146.16,48,5,4.7,6.0,59,1,33.6,0,28,1,0,37,37.4,52.3,23.4,decline
USR_002,2024-03-12,71,11,Tuesday,False,False,5068,4.2,62,70,0,47,34,0,0.381,188.99,37,2,4.8,6.8,63,2,38.9,0,25,1,0,47,52.9,60.8,20.4,recovery
USR_002,2024-03-13,72,11,Wednesday,False,True,3907,4.8,61,67,0,30,37,0,0.255,194.38,24,3,4.3,4.3,55,5,42.3,0,26,1,1,50,51.3,63.3,24.5,recovery
USR_002,2024-03-14,73,11,Thursday,False,True,4089,4.2,60,64,0,37,41,0,0.267,212.61,25,3,5.0,6.0,49,3,35.0,0,18,0,1,48,52.4,67.5,24.1,recovery
USR_002,2024-03-15,74,11,Friday,False,False,5323,4.4,69,70,1,109,41,0,0.429,180.6,50,2,5.4,5.7,61,6,34.3,0,21,0,0,33,30.5,51.4,19.7,recovery
USR_002,2024-03-16,75,11,Saturday,True,False,5339,4.7,58,70,1,92,51,0,0.486,209.34,50,1,5.1,5.7,64,0,13.1,0,17,2,0,29,27.6,48.5,16.7,recovery
USR_002,2024-03-17,76,11,Sunday,True,False,5363,4.9,66,65,1,104,59,0,0.457,187.67,49,5,5.4,5.3,61,3,16.5,1,43,1,1,35,24.2,49.0,48.5,recovery
USR_002,2024-03-18,77,12,Monday,False,False,4958,4.8,67,68,0,39,59,0,0.413,141.39,62,1,6.6,5.1,75,1,36.8,0,17,1,0,36,46.3,46.9,11.5,recovery
USR_002,2024-03-19,78,12,Tuesday,False,False,6325,4.7,74,71,0,58,49,0,0.451,157.75,54,3,6.2,5.1,64,6,44.9,0,15,1,0,37,46.2,47.3,15.9,recovery
USR_002,2024-03-20,79,12,Wednesday,False,False,5374,5.0,60,63,0,50,66,0,0.529,232.65,67,5,5.8,5.1,68,0,38.3,0,12,1,0,33,42.2,39.7,12.8,recovery
USR_002,2024-03-21,80,12,Thursday,False,False,5479,5.0,86,63,1,91,49,0,0.539,184.13,67,4,5.1,5.0,76,3,38.9,0,13,1,0,25,24.5,38.9,9.4,recovery
USR_002,2024-03-22,81,12,Friday,False,False,5607,4.8,74,68,1,93,59,0,0.429,211.63,59,6,6.8,4.8,71,3,41.7,0,8,2,0,26,25.0,46.1,9.8,recovery
USR_002,2024-03-23,82,12,Saturday,True,False,7552,5.8,78,66,0,67,75,0,0.501,225.57,70,2,5.8,4.9,77,2,17.1,0,8,1,0,29,34.3,39.6,7.0,recovery
USR_002,2024-03-24,83,12,Sunday,True,False,8523,6.4,86,61,0,83,70,0,0.546,135.55,54,4,6.6,4.2,76,1,14.6,0,6,1,0,27,28.3,39.9,6.6,recovery
USR_003,2024-01-01,0,1,Monday,False,False,8889,6.4,86,64,0,80,67,0,0.592,207.6,88,2,7.2,3.5,85,0,43.6,0,0,0,0,22,28.8,30.9,0.0,baseline
USR_003,2024-01-02,1,1,Tuesday,False,False,7859,6.2,72,63,1,106,80,0,0.599,204.52,59,4,6.3,3.5,77,3,40.1,0,0,0,0,15,11.1,33.7,3.8,baseline
USR_003,2024-01-03,2,1,Wednesday,False,False,7883,6.3,77,64,0,70,83,0,0.604,227.54,70,5,6.2,3.6,89,2,40.6,0,0,0,0,21,30.8,30.6,0.0,baseline
USR_003,2024-01-04,3,1,Thursday,False,False,10173,6.6,74,60,1,144,69,0,0.704,206.1,77,5,7.1,4.4,84,3,31.3,0,0,0,0,11,4.3,28.0,0.5,baseline
USR_003,2024-01-05,4,1,Friday,False,False,8700,6.5,88,62,0,79,79,0,0.733,196.71,83,3,7.6,4.4,84,1,48.6,0,0,1,0,19,27.8,26.6,0.5,baseline
USR_003,2024-01-06,5,1,Saturday,True,False,9452,7.6,80,64,1,148,70,0,0.667,248.22,53,2,7.4,3.9,84,1,17.8,0,0,0,0,11,2.1,33.2,0.5,baseline
USR_003,2024-01-07,6,1,Sunday,True,False,9718,7.1,92,58,1,151,59,0,0.563,196.22,76,4,8.3,4.2,79,2,18.1,0,0,2,0,12,4.0,34.4,2.8,baseline
USR_003,2024-01-08,7,2,Monday,False,False,10194,6.6,75,60,1,158,71,0,0.747,212.26,84,1,5.6,4.0,84,4,46.5,0,0,1,0,9,4.2,24.6,0.5,baseline
USR_003,2024-01-09,8,2,Tuesday,False,False,8443,6.2,76,63,1,140,63,0,0.608,195.99,54,3,7.6,4.4,73,3,54.7,0,0,2,0,16,10.9,37.4,5.6,baseline
USR_003,2024-01-10,9,2,Wednesday,False,False,10283,6.3,89,64,0,99,71,0,0.6,182.76,77,3,7.8,3.8,70,4,41.8,0,0,0,0,24,26.6,31.4,7.1,baseline
USR_003,2024-01-11,10,2,Thursday,False,True,7234,6.1,94,61,0,67,68,0,0.498,200.98,38,4,8.1,3.5,76,2,49.9,0,0,0,1,32,32.6,44.7,4.2,baseline
USR_003,2024-01-12,11,2,Friday,False,True,5504,6.3,82,58,0,49,80,0,0.483,158.24,49,5,8.2,3.6,71,6,30.7,0,0,0,1,28,34.6,42.6,6.6,baseline
USR_003,2024-01-13,12,2,Saturday,True,True,7395,7.3,78,63,0,90,92,0,0.548,181.53,47,1,7.9,4.4,65,2,23.7,0,0,2,1,28,26.9,42.4,9.4,baseline
USR_003,2024-01-14,13,2,Sunday,True,False,13051,6.8,81,60,1,154,89,0,0.615,183.31,61,4,5.6,4.0,82,1,23.3,0,0,0,0,11,3.3,33.8,1.4,baseline
USR_003,2024-01-15,14,3,Monday,False,False,8110,6.7,83,62,1,139,72,0,0.662,124.2,67,4,7.8,3.7,75,0,50.0,0,0,1,0,14,8.0,28.9,4.7,baseline
USR_003,2024-01-16,15,3,Tuesday,False,False,7036,6.8,77,60,0,72,78,0,0.655,171.6,55,3,5.8,4.5,81,5,36.0,0,0,0,0,26,29.2,35.0,1.9,baseline
USR_003,2024-01-17,16,3,Wednesday,False,False,8692,6.3,60,62,0,78,92,0,0.636,175.55,74,2,7.3,4.5,89,4,35.6,0,0,2,0,22,28.7,31.7,0.0,baseline
USR_003,2024-01-18,17,3,Thursday,False,False,9220,6.3,94,63,0,89,88,0,0.681,128.84,71,2,7.3,4.5,83,4,50.9,0,0,1,0,19,27.9,29.4,0.9,baseline
USR_003,2024-01-19,18,3,Friday,False,False,8213,6.6,89,63,0,82,71,0,0.665,220.18,72,3,8.4,4.7,81,1,41.7,0,0,1,0,23,28.5,30.8,1.9,baseline
USR_003,2024-01-20,19,3,Saturday,True,False,11448,6.9,80,59,1,164,66,0,0.694,217.27,65,1,6.6,4.3,89,1,15.9,0,0,1,0,10,3.4,29.6,0.0,baseline
USR_003,2024-01-21,20,3,Sunday,True,False,11688,6.5,89,61,0,108,67,0,0.672,187.98,73,1,7.7,4.5,78,1,20.5,0,0,0,0,21,25.3,29.9,3.3,baseline
USR_003,2024-01-22,21,4,Monday,False,False,7817,6.5,99,58,1,104,75,0,0.717,200.1,77,3,7.9,3.4,80,0,35.0,0,0,2,0,11,9.0,24.3,2.4,baseline
USR_003,2024-01-23,22,4,Tuesday,False,False,9802,6.1,92,58,0,89,83,0,0.705,151.85,72,2,8.1,4.0,81,6,36.2,0,0,1,0,19,26.9,26.8,1.9,baseline
USR_003,2024-01-24,23,4,Wednesday,False,False,7546,6.6,95,62,1,115,92,0,0.626,174.64,70,3,8.7,4.2,86,3,38.6,0,0,2,0,14,9.6,31.3,0.0,baseline
USR_003,2024-01-25,24,4,Thursday,False,True,7121,5.8,92,59,0,70,86,0,0.484,225.71,44,4,6.8,3.5,71,4,34.7,0,0,1,1,30,33.7,43.7,6.6,baseline
USR_003,2024-01-26,25,4,Friday,False,True,6164,5.9,97,63,0,59,84,0,0.448,196.46,38,4,7.8,4.0,72,3,32.5,0,0,0,1,29,35.9,48.7,6.1,baseline
USR_003,2024-01-27,26,4,Saturday,True,False,9671,7.0,83,60,1,162,61,0,0.675,189.19,73,2,7.4,3.6,85,0,15.2,0,0,0,0,10,4.3,27.0,0.0,baseline
USR_003,2024-01-28,27,4,Sunday,True,False,9814,7.1,100,58,0,112,82,0,0.628,194.55,72,1,6.8,3.8,75,2,18.9,0,0,1,0,20,22.2,30.0,4.7,baseline
USR_003,2024-01-29,28,5,Monday,False,False,6818,6.7,92,62,1,109,78,0,0.706,198.78,87,4,8.2,4.0,71,2,45.9,0,0,0,0,14,10.6,26.7,6.6,baseline
USR_003,2024-01-30,29,5,Tuesday,False,False,8979,5.9,86,60,0,77,100,0,0.713,192.07,79,5,8.4,4.1,86,4,25.6,0,0,0,0,22,29.5,26.6,0.0,baseline
USR_003,2024-01-31,30,5,Wednesday,False,False,10122,6.1,87,64,1,138,75,0,0.655,227.28,58,6,7.8,4.2,69,3,50.6,0,0,1,0,14,7.5,33.3,7.5,baseline
USR_003,2024-02-01,31,5,Thursday,False,False,8931,6.0,88,63,1,139,72,0,0.645,183.41,73,4,7.3,4.6,79,6,37.7,0,0,0,0,14,9.9,31.6,2.8,baseline
USR_003,2024-02-02,32,5,Friday,False,False,11441,5.7,88,57,1,150,69,0,0.576,192.72,67,4,8.1,3.8,81,3,44.4,0,0,0,0,14,8.5,33.5,1.9,baseline
USR_003,2024-02-03,33,5,Saturday,True,False,10735,6.9,77,59,0,109,79,0,0.694,150.89,82,3,7.5,3.8,81,1,9.6,1,23,0,1,26,22.8,26.7,31.1,baseline
USR_003,2024-02-04,34,5,Sunday,True,False,8052,7.2,83,61,1,156,88,0,0.634,207.45,65,2,7.5,4.0,68,1,20.2,0,0,1,0,13,5.5,31.7,8.0,baseline
USR_003,2024-02-05,35,6,Monday,False,False,7893,6.5,80,62,1,118,75,0,0.588,176.72,67,1,7.4,4.3,75,5,39.8,0,0,2,0,15,9.4,34.4,4.7,baseline
USR_003,2024-02-06,36,6,Tuesday,False,False,8514,6.5,99,66,0,81,73,0,0.657,219.08,69,4,7.0,4.1,76,6,33.9,0,0,0,0,22,29.1,29.7,4.2,baseline
USR_003,2024-02-07,37,6,Wednesday,False,False,7115,6.2,83,59,0,67,92,0,0.678,124.74,69,7,7.6,3.6,73,1,37.8,0,0,0,0,24,31.8,27.2,5.6,baseline
USR_003,2024-02-08,38,6,Thursday,False,True,6622,6.6,79,63,0,59,69,0,0.517,175.42,44,3,8.6,3.8,65,5,51.2,0,0,0,1,29,31.8,43.0,9.4,baseline
USR_003,2024-02-09,39,6,Friday,False,True,5348,6.5,80,65,0,54,61,0,0.533,176.41,49,0,5.4,4.7,74,3,50.1,0,0,0,1,30,36.5,43.4,5.2,baseline
USR_003,2024-02-10,40,6,Saturday,True,True,6567,6.9,78,61,0,59,78,0,0.499,231.27,36,3,8.0,3.5,71,1,12.7,0,0,0,1,27,29.9,45.3,6.6,baseline
USR_003,2024-02-11,41,6,Sunday,True,False,11353,6.6,93,59,1,166,93,0,0.634,218.32,75,3,7.2,3.4,84,3,14.1,0,0,0,0,10,4.2,28.5,0.5,baseline
USR_003,2024-02-12,42,7,Monday,False,False,8680,6.1,75,63,0,79,85,0,0.718,184.8,71,7,7.4,3.5,78,3,53.1,0,0,1,0,22,29.9,24.6,3.3,decline
USR_003,2024-02-13,43,7,Tuesday,False,False,10968,6.1,73,61,0,105,63,0,0.656,180.66,72,3,7.3,3.7,83,1,44.0,0,0,1,0,20,27.8,28.3,0.9,decline
USR_003,2024-02-14,44,7,Wednesday,False,False,8584,6.9,69,61,0,77,73,0,0.621,160.53,85,2,7.8,4.1,82,1,35.1,0,1,1,0,21,25.9,31.2,1.8,decline
USR_003,2024-02-15,45,7,Thursday,False,False,9140,6.4,73,60,0,96,74,0,0.594,232.95,60,4,7.2,3.7,77,2,51.2,0,2,0,0,22,26.9,34.3,4.6,decline
USR_003,2024-02-16,46,7,Friday,False,False,9133,6.3,87,60,1,134,77,0,0.654,212.95,72,3,6.3,4.0,85,2,46.1,0,3,0,0,11,7.3,29.3,1.2,decline
USR_003,2024-02-17,47,7,Saturday,True,False,10668,6.3,75,61,0,108,73,0,0.653,219.07,60,2,6.5,4.3,83,3,18.1,0,4,0,0,22,25.8,33.1,2.5,decline
USR_003,2024-02-18,48,7,Sunday,True,False,7782,6.5,77,58,0,69,63,0,0.613,214.57,68,1,7.3,5.0,69,0,18.1,0,6,1,0,26,30.1,34.9,9.9,decline
USR_003,2024-02-19,49,8,Monday,False,False,7576,5.9,90,60,1,120,64,0,0.599,174.99,56,6,5.9,4.7,73,1,35.9,0,6,0,0,21,13.2,38.2,8.0,decline
USR_003,2024-02-20,50,8,Tuesday,False,False,7321,6.0,78,62,0,66,61,0,0.611,204.73,58,3,6.8,4.1,79,3,47.5,0,6,0,0,26,34.1,35.2,5.2,decline
USR_003,2024-02-21,51,8,Wednesday,False,False,8368,5.8,78,62,1,132,66,0,0.663,216.91,62,3,6.5,3.7,74,7,22.0,0,7,0,0,16,12.3,30.2,8.0,decline
USR_003,2024-02-22,52,8,Thursday,False,False,7385,5.5,66,64,1,124,66,0,0.665,167.16,61,4,5.9,5.0,79,2,38.6,0,9,0,0,17,16.1,34.3,6.4,decline
USR_003,2024-02-23,53,8,Friday,False,False,8139,5.7,70,59,0,75,69,0,0.574,217.4,54,6,6.5,4.6,71,1,39.0,0,7,2,0,29,32.3,39.7,9.4,decline
USR_003,2024-02-24,54,8,Saturday,True,False,7888,6.5,72,60,1,113,52,0,0.569,247.68,73,1,6.7,4.7,68,1,12.8,0,10,0,0,19,11.5,35.7,12.0,decline
USR_003,2024-02-25,55,8,Sunday,True,True,7232,5.6,88,60,1,124,54,0,0.441,172.08,30,3,5.8,5.4,65,3,22.4,0,11,0,1,29,16.7,55.6,13.8,decline
USR_003,2024-02-26,56,9,Monday,False,True,5076,5.1,71,59,0,45,55,0,0.375,198.98,34,1,6.5,4.6,67,3,44.2,0,12,1,1,41,43.2,55.3,13.3,decline
USR_003,2024-02-27,57,9,Tuesday,False,True,4790,6.0,78,66,0,38,53,0,0.391,199.58,36,6,6.1,4.6,70,3,26.2,0,11,1,1,38,41.3,54.0,11.5,decline
USR_003,2024-02-28,58,9,Wednesday,False,True,3490,5.3,71,63,0,29,51,0,0.268,200.45,27,3,6.4,4.9,56,4,45.3,0,12,0,1,43,46.8,63.6,18.4,decline
USR_003,2024-02-29,59,9,Thursday,False,False,4493,5.4,72,66,0,40,48,0,0.426,187.94,53,2,5.7,4.3,72,1,42.3,0,12,0,0,37,45.5,46.5,10.9,decline
USR_003,2024-03-01,60,9,Friday,False,False,7403,4.5,65,60,0,69,32,0,0.488,191.82,53,3,5.8,5.6,71,3,38.1,0,15,0,0,37,44.6,47.3,12.6,decline
USR_003,2024-03-02,61,9,Saturday,True,False,8540,5.5,69,63,0,85,33,0,0.462,170.21,63,2,5.6,6.2,69,0,19.0,0,18,0,0,36,38.3,47.5,14.7,decline
USR_003,2024-03-03,62,9,Sunday,True,False,7326,5.9,66,60,0,67,42,0,0.471,216.29,40,2,5.4,5.7,66,1,14.2,0,14,2,0,37,36.8,52.1,14.5,decline
USR_003,2024-03-04,63,10,Monday,False,False,5626,5.0,75,61,0,48,47,0,0.466,220.04,45,2,6.2,5.1,64,4,32.9,0,20,1,0,38,44.0,49.1,17.9,decline
USR_003,2024-03-05,64,10,Tuesday,False,False,5907,4.6,64,63,0,52,36,0,0.471,193.34,52,4,5.2,5.7,68,2,26.1,0,21,0,0,37,47.3,48.7,16.4,decline
USR_003,2024-03-06,65,10,Wednesday,False,False,6605,4.9,56,60,1,120,40,0,0.465,239.36,45,2,5.1,5.3,70,4,30.8,0,19,0,0,30,23.2,49.8,14.7,decline
USR_003,2024-03-07,66,10,Thursday,False,False,6432,4.3,79,65,0,59,37,0,0.458,216.27,48,3,5.0,6.1,63,4,48.7,0,24,0,0,43,48.0,51.7,20.0,decline
USR_003,2024-03-08,67,10,Friday,False,False,6155,5.0,63,63,0,61,28,1,0.353,271.72,51,2,5.2,5.5,73,3,26.9,0,20,2,0,42,51.1,54.3,13.6,decline
USR_003,2024-03-09,68,10,Saturday,True,False,6077,4.6,65,61,0,55,32,0,0.453,188.87,48,1,4.4,5.5,65,2,15.5,0,24,1,0,42,47.1,50.1,19.0,decline
USR_003,2024-03-10,69,10,Sunday,True,False,6327,4.9,53,59,0,60,32,0,0.342,188.39,43,4,5.0,5.7,71,0,15.6,0,25,0,0,41,44.9,57.7,16.6,decline
USR_003,2024-03-11,70,11,Monday,False,False,5116,4.5,62,66,0,50,32,0,0.388,158.16,47,2,5.2,6.5,63,3,30.4,0,28,2,0,48,50.7,56.7,21.6,decline
USR_003,2024-03-12,71,11,Tuesday,False,False,5295,4.5,49,66,1,104,43,0,0.397,185.65,47,4,4.5,6.5,64,3,37.6,0,29,1,0,31,28.8,56.2,21.5,recovery
USR_003,2024-03-13,72,11,Wednesday,False,True,5250,4.3,59,70,0,49,37,0,0.3,174.33,26,2,4.5,5.0,54,1,42.4,0,18,1,1,46,51.6,62.6,21.8,recovery
USR_003,2024-03-14,73,11,Thursday,False,True,3502,4.8,74,66,0,29,36,0,0.33,176.99,17,3,4.7,5.0,61,0,38.9,0,22,3,1,51,52.0,63.6,20.1,recovery
USR_003,2024-03-15,74,11,Friday,False,False,5125,4.7,51,63,0,53,43,0,0.411,206.73,47,2,5.5,5.2,62,2,29.6,0,19,0,0,42,47.4,51.6,18.4,recovery
USR_003,2024-03-16,75,11,Saturday,True,False,8227,5.8,62,61,0,77,32,0,0.459,233.48,56,2,5.6,5.8,69,2,17.5,1,42,0,1,46,37.2,48.4,44.3,recovery
USR_003,2024-03-17,76,11,Sunday,True,False,7345,4.6,71,63,0,71,53,0,0.532,219.87,55,3,6.2,5.9,70,2,17.4,0,13,0,0,33,42.0,45.4,12.3,recovery
USR_003,2024-03-18,77,12,Monday,False,False,6736,5.8,73,60,1,108,32,0,0.46,203.73,58,1,6.4,5.1,67,2,31.8,0,16,1,0,27,19.9,45.7,14.9,recovery
USR_003,2024-03-19,78,12,Tuesday,False,False,6060,5.3,74,60,1,103,36,0,0.479,190.9,54,4,6.0,5.8,65,1,39.7,1,45,3,1,38,23.0,48.0,47.4,recovery
USR_003,2024-03-20,79,12,Wednesday,False,False,6511,6.2,74,64,0,57,41,0,0.577,151.34,61,1,6.0,6.0,70,2,37.7,0,11,1,0,29,38.2,41.7,11.5,recovery
USR_003,2024-03-21,80,12,Thursday,False,False,6170,5.6,58,59,0,58,45,0,0.594,169.61,49,5,6.5,4.3,77,3,53.8,1,38,1,1,38,40.1,39.2,39.0,recovery
USR_003,2024-03-22,81,12,Friday,False,False,5548,5.9,75,64,0,47,65,0,0.554,220.19,60,3,6.8,4.5,70,3,41.9,1,34,2,1,38,38.1,38.7,40.7,recovery
USR_003,2024-03-23,82,12,Saturday,True,False,10429,6.4,72,62,1,145,54,0,0.566,162.52,70,5,5.7,4.0,69,1,17.5,0,8,0,0,15,7.9,33.7,10.7,recovery
USR_003,2024-03-24,83,12,Sunday,True,False,9804,6.4,87,60,0,88,58,0,0.656,191.66,66,4,5.3,5.4,76,2,19.4,0,6,1,0,23,27.2,34.5,6.6,recovery
USR_004,2024-01-01,0,1,Monday,False,False,5241,6.4,87,69,0,48,82,0,0.555,135.81,66,4,8.8,3.8,76,2,50.9,0,0,0,0,26,36.9,34.8,4.2,baseline
USR_004,2024-01-02,1,1,Tuesday,False,False,4452,6.3,96,68,1,86,83,0,0.555,194.37,67,4,7.6,4.4,82,2,62.5,0,0,2,0,19,18.7,36.3,1.4,baseline
USR_004,2024-01-03,2,1,Wednesday,False,False,5607,6.6,85,62,0,52,98,0,0.584,182.18,81,3,7.4,4.4,88,3,43.1,0,0,0,0,23,33.5,34.0,0.0,baseline
USR_004,2024-01-04,3,1,Thursday,False,False,6347,5.0,88,68,0,56,76,0,0.653,183.88,54,3,6.4,4.4,85,1,36.8,0,0,1,0,29,41.0,35.1,0.0,baseline
USR_004,2024-01-05,4,1,Friday,False,False,5401,6.5,85,66,1,97,66,0,0.557,146.97,70,4,8.2,4.0,94,4,44.2,0,0,1,0,16,15.9,34.2,0.0,baseline
USR_004,2024-01-06,5,1,Saturday,True,False,5022,6.2,83,73,0,48,66,0,0.587,212.3,71,2,6.3,3.6,83,0,13.1,0,0,0,0,27,39.8,31.4,0.9,baseline
USR_004,2024-01-07,6,1,Sunday,True,False,5428,6.8,95,75,0,50,76,0,0.566,176.39,81,5,7.5,4.1,80,1,21.0,0,0,0,0,28,36.2,34.0,2.4,baseline
USR_004,2024-01-08,7,2,Monday,False,False,5141,6.2,90,68,1,99,74,0,0.668,164.89,62,3,7.2,4.5,86,2,28.6,0,0,0,0,18,17.8,32.4,0.0,baseline
USR_004,2024-01-09,8,2,Tuesday,False,False,5110,6.3,67,71,0,55,68,0,0.672,184.41,78,1,5.7,4.3,90,1,71.6,0,0,0,0,25,38.4,29.3,0.0,baseline
USR_004,2024-01-10,9,2,Wednesday,False,False,5746,6.6,95,68,0,45,78,0,0.565,234.03,61,2,7.0,4.2,87,3,32.9,0,0,0,0,25,34.7,36.9,0.0,baseline
USR_004,2024-01-11,10,2,Thursday,False,True,4188,6.2,83,69,1,91,78,0,0.527,202.82,25,2,8.3,3.3,80,3,42.5,0,0,0,1,23,19.9,46.4,2.4,baseline
USR_004,2024-01-12,11,2,Friday,False,True,4017,6.5,82,71,1,87,75,0,0.554,123.15,36,4,8.6,4.3,74,4,36.2,0,0,0,1,22,19.4,44.9,5.2,baseline
USR_004,2024-01-13,12,2,Saturday,True,True,3819,6.6,89,66,0,29,47,0,0.492,193.56,34,5,7.6,3.9,74,2,20.9,0,0,0,1,34,41.3,47.4,5.2,baseline
USR_004,2024-01-14,13,2,Sunday,True,False,5286,6.3,85,70,0,49,70,0,0.657,182.45,60,1,8.2,3.9,84,2,19.6,0,0,0,0,24,37.5,31.7,0.5,baseline
USR_004,2024-01-15,14,3,Monday,False,False,5249,6.6,86,68,0,53,96,0,0.56,186.57,70,3,7.6,3.6,79,2,39.7,0,0,0,0,27,35.7,32.8,2.8,baseline
USR_004,2024-01-16,15,3,Tuesday,False,False,4677,6.5,100,70,1,90,74,0,0.655,225.2,67,6,7.0,3.9,89,5,39.9,0,0,0,0,16,17.8,29.8,0.0,baseline
USR_004,2024-01-17,16,3,Wednesday,False,False,5823,6.6,74,69,0,44,72,0,0.577,166.13,77,3,7.4,4.1,82,5,50.1,0,0,1,0,28,34.8,33.4,1.4,baseline
USR_004,2024-01-18,17,3,Thursday,False,False,4904,6.5,70,68,1,94,67,0,0.659,221.12,64,2,7.4,4.5,88,2,55.4,0,0,0,0,18,17.3,32.3,0.0,baseline
USR_004,2024-01-19,18,3,Friday,False,False,4242,6.4,80,68,0,38,97,0,0.559,201.87,79,7,8.0,3.8,98,1,42.8,0,0,0,0,28,38.6,33.4,0.0,baseline
USR_004,2024-01-20,19,3,Saturday,True,False,5142,8.0,81,70,0,67,68,0,0.55,170.66,75,4,7.6,3.9,86,1,18.8,0,0,1,0,24,32.5,34.2,0.0,baseline
USR_004,2024-01-21,20,3,Sunday,True,False,5729,7.0,73,70,1,106,78,0,0.606,171.37,66,3,8.2,3.8,82,2,17.9,0,0,0,0,15,13.4,32.2,1.4,baseline
USR_004,2024-01-22,21,4,Monday,False,False,6060,5.8,90,69,0,64,65,0,0.71,193.31,65,1,8.2,4.2,90,3,36.0,1,29,1,1,35,38.8,28.5,31.6,baseline
USR_004,2024-01-23,22,4,Tuesday,False,False,7358,5.4,82,64,0,76,72,0,0.538,156.29,69,4,6.3,3.2,88,2,40.0,0,0,0,0,25,36.1,33.0,0.0,baseline
USR_004,2024-01-24,23,4,Wednesday,False,False,5386,6.5,84,67,0,46,76,0,0.608,244.55,57,5,8.5,4.7,81,3,50.4,0,0,1,0,29,35.6,37.4,1.9,baseline
USR_004,2024-01-25,24,4,Thursday,False,True,4312,6.6,100,63,1,89,88,0,0.488,121.13,33,1,7.2,4.4,71,1,51.4,0,0,0,1,24,16.3,49.4,6.6,baseline
USR_004,2024-01-26,25,4,Friday,False,True,4063,5.4,74,70,0,40,82,0,0.563,180.24,49,4,7.3,3.5,76,2,40.7,0,0,2,1,33,44.2,38.4,4.2,baseline
USR_004,2024-01-27,26,4,Saturday,True,False,5732,6.9,76,70,0,50,65,0,0.682,194.35,59,6,7.8,3.4,93,2,22.9,0,0,0,0,25,34.6,29.2,0.0,baseline
USR_004,2024-01-28,27,4,Sunday,True,False,7507,6.1,83,67,1,131,81,0,0.587,159.95,76,2,6.8,4.1,86,0,26.1,0,0,1,0,15,13.3,33.0,0.0,baseline
USR_004,2024-01-29,28,5,Monday,False,False,5071,6.2,100,66,1,91,78,0,0.556,210.61,76,4,7.0,4.2,89,0,63.6,0,0,0,0,17,17.4,34.8,0.0,baseline
USR_004,2024-01-30,29,5,Tuesday,False,False,5707,6.6,90,74,1,91,61,0,0.615,134.95,72,3,7.9,3.9,87,3,41.5,0,0,0,0,16,17.6,31.0,0.0,baseline
USR_004,2024-01-31,30,5,Wednesday,False,False,5937,5.9,72,74,0,45,71,0,0.564,162.19,80,3,7.6,3.7,87,2,33.7,0,0,0,0,28,39.1,32.9,0.0,baseline
USR_004,2024-02-01,31,5,Thursday,False,False,5460,6.8,69,70,1,95,82,0,0.694,222.54,66,3,6.4,3.5,89,4,45.0,0,0,1,0,14,14.8,26.9,0.0,baseline
USR_004,2024-02-02,32,5,Friday,False,False,4901,6.9,77,62,0,38,72,0,0.627,175.95,58,5,7.3,4.3,76,1,46.7,0,0,0,0,25,33.5,35.0,4.2,baseline
USR_004,2024-02-03,33,5,Saturday,True,False,7146,6.3,74,72,0,65,72,0,0.575,163.74,66,5,6.7,3.8,88,4,8.0,0,0,0,0,26,34.3,33.8,0.0,baseline
USR_004,2024-02-04,34,5,Sunday,True,False,6204,6.9,78,66,1,111,64,0,0.545,157.13,60,2,8.2,4.3,94,3,20.5,0,0,0,0,17,12.7,38.5,0.0,baseline
USR_004,2024-02-05,35,6,Monday,False,False,4602,6.8,89,74,0,41,60,0,0.613,226.97,60,2,6.9,3.8,80,1,25.8,0,0,1,0,27,39.0,33.6,2.4,baseline
USR_004,2024-02-06,36,6,Tuesday,False,False,5563,5.9,70,68,0,52,78,0,0.646,166.59,70,4,7.3,4.2,91,3,35.5,0,0,2,0,25,38.3,30.3,0.0,baseline
USR_004,2024-02-07,37,6,Wednesday,False,False,4582,6.1,83,64,0,41,72,0,0.639,177.11,76,2,8.0,5.0,92,2,26.3,0,0,0,0,24,38.4,33.1,0.0,baseline
USR_004,2024-02-08,38,6,Thursday,False,True,3436,5.8,94,68,0,31,92,0,0.489,145.96,43,3,8.5,3.6,76,4,49.3,0,0,1,1,32,43.1,44.1,4.2,baseline
USR_004,2024-02-09,39,6,Friday,False,True,4631,6.1,63,70,0,44,74,0,0.519,212.67,49,0,6.2,3.6,88,1,31.4,0,0,1,1,31,39.8,40.8,0.0,baseline
USR_004,2024-02-10,40,6,Saturday,True,True,3611,6.5,83,66,0,26,73,0,0.445,203.3,46,3,7.6,3.5,77,1,11.0,0,0,1,1,31,38.9,45.1,3.8,baseline
USR_004,2024-02-11,41,6,Sunday,True,False,5729,7.5,85,70,0,69,76,0,0.709,173.45,75,4,6.6,4.6,80,3,19.7,0,0,0,0,20,31.0,28.4,2.4,baseline
USR_004,2024-02-12,42,7,Monday,False,False,4409,5.9,94,70,1,88,80,0,0.697,209.48,63,2,7.3,4.0,82,3,34.9,0,0,1,0,17,21.1,29.2,1.4,decline
USR_004,2024-02-13,43,7,Tuesday,False,False,5750,7.0,85,66,0,69,80,0,0.696,133.79,57,0,7.1,4.4,74,2,47.7,0,0,2,0,25,32.3,32.1,5.2,decline
USR_004,2024-02-14,44,7,Wednesday,False,False,5981,5.6,85,67,0,48,81,0,0.659,193.82,65,3,7.3,4.4,80,6,36.3,0,1,0,0,28,38.7,31.7,2.8,decline
USR_004,2024-02-15,45,7,Thursday,False,False,5735,5.9,80,68,0,57,73,0,0.619,229.46,77,0,7.6,4.5,83,5,46.7,0,2,1,0,26,38.0,32.6,1.7,decline
USR_004,2024-02-16,46,7,Friday,False,False,4663,6.5,92,74,0,44,76,0,0.63,158.42,62,3,6.8,3.6,80,3,23.9,0,3,0,0,26,38.8,31.6,3.6,decline
USR_004,2024-02-17,47,7,Saturday,True,False,5626,6.4,78,68,0,53,67,0,0.654,208.09,62,4,6.8,3.8,81,2,23.9,0,4,1,0,24,36.3,31.0,3.5,decline
USR_004,2024-02-18,48,7,Sunday,True,False,6456,6.6,70,65,1,103,61,0,0.569,219.1,70,6,7.9,4.7,78,2,16.4,0,5,1,0,18,13.8,35.7,5.3,decline
USR_004,2024-02-19,49,8,Monday,False,False,5029,5.6,84,68,0,50,65,0,0.589,151.67,65,4,8.3,4.3,85,1,35.4,0,6,2,0,30,41.5,34.9,2.4,decline
USR_004,2024-02-20,50,8,Tuesday,False,False,5885,5.4,94,68,0,46,61,0,0.565,221.42,58,2,6.1,4.8,70,7,56.4,0,7,0,0,35,41.3,39.6,9.9,decline
USR_004,2024-02-21,51,8,Wednesday,False,False,6656,6.0,81,72,1,105,64,0,0.532,178.8,58,5,5.3,4.1,80,5,40.4,0,9,0,0,19,17.5,39.1,6.0,decline
USR_004,2024-02-22,52,8,Thursday,False,False,4715,6.3,75,69,0,37,61,0,0.565,233.73,52,3,6.3,5.0,80,4,50.6,0,10,0,0,34,39.7,41.9,6.4,decline
USR_004,2024-02-23,53,8,Friday,False,False,4798,5.2,78,71,1,94,69,0,0.492,177.33,65,4,6.0,4.9,78,2,54.4,0,12,1,0,25,24.0,41.5,8.1,decline
USR_004,2024-02-24,54,8,Saturday,True,False,5300,5.6,67,75,0,50,72,0,0.556,218.06,50,7,7.8,3.7,71,0,16.4,0,11,1,0,33,42.0,39.0,11.0,decline
USR_004,2024-02-25,55,8,Sunday,True,True,4093,6.1,80,67,0,40,45,0,0.407,201.48,28,2,7.2,5.2,72,3,15.5,0,12,0,1,41,43.7,57.2,10.9,decline
USR_004,2024-02-26,56,9,Monday,False,True,3187,5.6,64,72,0,27,63,0,0.401,158.87,22,0,5.7,4.9,64,1,30.7,0,12,0,1,40,46.5,58.4,14.7,decline
USR_004,2024-02-27,57,9,Tuesday,False,True,2982,5.0,61,69,1,63,48,0,0.353,170.05,24,2,5.9,4.3,66,3,23.1,0,11,0,1,31,31.1,58.4,13.3,decline
USR_004,2024-02-28,58,9,Wednesday,False,True,3601,5.2,62,71,0,30,66,0,0.377,189.03,15,2,5.6,5.5,72,2,44.9,0,15,2,1,44,46.9,63.4,12.1,decline
USR_004,2024-02-29,59,9,Thursday,False,False,4559,5.3,75,71,1,89,62,0,0.452,224.87,56,2,6.1,4.9,82,2,51.5,0,15,3,0,27,25.0,46.1,7.4,decline
USR_004,2024-03-01,60,9,Friday,False,False,3283,5.4,67,70,1,77,49,0,0.506,190.84,56,5,5.3,5.1,73,0,31.8,0,17,2,0,28,28.7,44.0,12.4,decline
USR_004,2024-03-02,61,9,Saturday,True,False,4584,5.3,62,66,0,38,43,0,0.413,139.31,54,0,5.3,4.9,64,0,18.3,0,21,0,0,41,46.5,48.6,18.3,decline
USR_004,2024-03-03,62,9,Sunday,True,False,4599,6.0,62,68,0,38,46,0,0.418,187.99,54,1,6.0,5.7,76,2,14.7,0,21,0,0,39,43.2,50.8,12.6,decline
USR_004,2024-03-04,63,10,Monday,False,False,4121,5.1,71,74,0,39,57,0,0.462,222.05,56,1,5.2,5.3,70,0,35.6,0,17,1,0,36,48.3,46.8,13.9,decline
USR_004,2024-03-05,64,10,Tuesday,False,False,3610,4.9,73,73,0,26,42,0,0.438,203.02,55,4,5.4,5.2,76,4,43.0,0,18,0,0,40,52.2,48.0,11.4,decline
USR_004,2024-03-06,65,10,Wednesday,False,False,4074,4.4,68,73,0,42,36,0,0.379,163.01,44,3,5.8,5.8,66,2,30.1,0,23,0,0,40,54.4,55.9,18.1,decline
USR_004,2024-03-07,66,10,Thursday,False,False,4046,4.7,74,80,1,96,42,0,0.404,178.81,56,2,5.7,6.5,72,1,30.6,0,26,2,0,35,34.0,53.3,16.5,decline
USR_004,2024-03-08,67,10,Friday,False,False,4520,4.8,56,72,0,41,42,0,0.421,131.11,40,1,4.9,5.9,70,1,31.4,1,44,0,1,49,50.6,55.2,44.7,decline
USR_004,2024-03-09,68,10,Saturday,True,False,3438,4.6,59,73,1,82,37,0,0.467,188.44,53,1,5.8,6.8,77,1,15.5,1,42,1,1,42,34.6,51.9,40.6,decline
USR_004,2024-03-10,69,10,Sunday,True,False,3496,5.3,53,76,0,31,41,0,0.42,139.33,48,2,5.1,6.6,64,0,16.4,0,24,1,0,42,51.4,55.1,19.5,decline
USR_004,2024-03-11,70,11,Monday,False,False,3124,4.4,59,71,0,30,41,0,0.436,215.53,39,3,5.7,6.3,69,3,38.4,0,33,1,0,45,55.1,56.0,20.7,decline
USR_004,2024-03-12,71,11,Tuesday,False,False,2786,4.3,54,72,0,19,37,0,0.38,146.96,36,1,5.6,6.4,70,5,33.4,0,21,2,0,39,57.1,59.9,15.5,recovery
USR_004,2024-03-13,72,11,Wednesday,False,True,2586,4.6,63,73,0,20,35,0,0.284,208.39,18,5,5.4,5.5,60,2,30.0,0,21,1,1,52,56.6,67.2,20.2,recovery
USR_004,2024-03-14,73,11,Thursday,False,True,3207,5.4,67,72,0,30,32,0,0.258,151.81,13,2,4.7,6.1,58,1,31.2,0,24,2,1,50,51.8,71.7,22.3,recovery
USR_004,2024-03-15,74,11,Friday,False,False,3786,4.6,67,69,0,29,29,1,0.425,190.29,55,3,4.9,5.9,72,1,41.4,0,19,3,0,45,59.1,50.7,13.7,recovery
USR_004,2024-03-16,75,11,Saturday,True,False,3795,5.4,60,74,0,28,46,0,0.474,255.07,52,1,6.0,5.5,67,1,17.0,0,16,1,0,37,49.1,47.9,14.9,recovery
USR_004,2024-03-17,76,11,Sunday,True,False,4155,5.5,57,70,1,86,52,0,0.481,242.47,39,5,5.9,4.2,81,3,14.1,0,18,1,0,28,26.1,47.4,9.1,recovery
USR_004,2024-03-18,77,12,Monday,False,False,4340,4.7,67,69,1,94,58,0,0.438,161.39,59,5,6.5,5.3,78,2,34.4,0,16,2,0,31,28.4,47.1,9.7,recovery
USR_004,2024-03-19,78,12,Tuesday,False,False,3512,5.5,64,70,0,30,65,0,0.499,184.71,60,3,5.8,5.1,73,1,46.2,0,19,2,0,36,45.5,43.2,13.2,recovery
USR_004,2024-03-20,79,12,Wednesday,False,False,3855,5.6,63,67,1,80,54,0,0.491,217.15,53,5,5.6,4.6,78,2,43.9,0,11,0,0,27,25.2,44.1,7.7,recovery
USR_004,2024-03-21,80,12,Thursday,False,False,2982,5.9,57,70,0,21,75,0,0.425,238.65,52,2,6.2,4.2,75,0,43.6,0,12,0,0,34,44.0,46.5,9.5,recovery
USR_004,2024-03-22,81,12,Friday,False,False,4451,5.1,84,73,0,39,53,0,0.517,138.1,69,3,6.4,5.3,70,4,43.7,0,9,1,0,36,48.0,40.3,10.7,recovery
USR_004,2024-03-23,82,12,Saturday,True,False,5033,6.0,79,68,0,48,67,0,0.529,186.68,84,3,6.6,4.7,75,0,21.7,0,8,1,0,28,39.4,37.6,7.9,recovery
USR_004,2024-03-24,83,12,Sunday,True,False,4655,6.1,65,70,0,36,72,0,0.512,163.98,60,3,6.5,4.8,79,1,10.9,0,7,0,0,33,39.7,41.7,5.6,recovery
USR_005,2024-01-01,0,1,Monday,False,False,5874,7.3,92,63,1,119,59,0,0.425,86.85,86,5,6.7,4.5,74,6,33.1,0,0,1,0,18,11.5,42.2,5.2,baseline
USR_005,2024-01-02,1,1,Tuesday,False,False,6686,8.0,71,57,1,133,76,0,0.449,94.13,70,2,8.2,4.3,71,3,41.5,0,0,1,0,17,6.6,40.4,6.6,baseline
USR_005,2024-01-03,2,1,Wednesday,False,False,6074,7.3,93,59,1,128,81,0,0.427,84.93,59,2,7.6,4.2,70,4,48.6,0,0,0,0,20,8.8,44.4,7.1,baseline
USR_005,2024-01-04,3,1,Thursday,False,False,6288,7.8,100,57,0,74,79,0,0.427,98.21,70,2,7.6,4.1,72,4,47.5,0,0,0,0,28,27.4,40.9,6.1,baseline
USR_005,2024-01-05,4,1,Friday,False,False,5497,6.7,67,58,1,99,69,0,0.396,109.19,62,4,7.6,4.7,72,6,39.5,0,0,0,0,21,12.9,46.6,6.1,baseline
USR_005,2024-01-06,5,1,Saturday,True,False,8722,8.4,100,60,0,105,78,0,0.464,86.49,74,4,7.8,4.5,78,2,12.3,1,28,0,1,31,22.6,40.3,34.5,baseline
USR_005,2024-01-07,6,1,Sunday,True,False,7661,7.6,65,61,0,95,57,0,0.425,111.22,65,3,8.1,4.2,67,1,21.2,0,0,0,0,28,26.8,42.8,8.5,baseline
USR_005,2024-01-08,7,2,Monday,False,False,6492,7.7,81,62,0,79,69,0,0.431,80.03,77,1,7.5,5.1,74,4,34.7,0,0,3,0,24,27.7,43.8,5.2,baseline
USR_005,2024-01-09,8,2,Tuesday,False,False,7475,6.8,78,57,0,66,76,0,0.492,111.57,73,2,7.6,3.4,70,3,47.8,0,0,1,0,24,28.3,35.6,7.1,baseline
USR_005,2024-01-10,9,2,Wednesday,False,False,6099,7.5,70,57,1,130,91,0,0.419,64.12,62,4,8.3,4.2,71,3,49.4,0,0,1,0,19,7.8,43.9,6.6,baseline
USR_005,2024-01-11,10,2,Thursday,False,True,5096,7.0,72,58,1,119,48,0,0.295,67.47,25,3,6.5,3.6,64,1,31.5,0,0,0,1,28,15.3,58.9,9.9,baseline
USR_005,2024-01-12,11,2,Friday,False,True,4165,6.9,82,59,0,38,80,0,0.324,80.55,42,1,8.4,3.5,66,4,36.1,0,0,0,1,34,34.5,52.3,8.9,baseline
USR_005,2024-01-13,12,2,Saturday,True,True,5690,7.6,90,61,0,64,74,0,0.345,94.8,37,3,8.2,4.4,59,2,16.8,0,0,0,1,30,28.9,55.4,12.2,baseline
USR_005,2024-01-14,13,2,Sunday,True,False,8273,8.3,88,59,0,102,84,0,0.416,92.4,72,5,7.7,4.7,72,2,17.5,0,0,2,0,25,23.5,43.3,6.1,baseline
USR_005,2024-01-15,14,3,Monday,False,False,6590,7.4,82,56,1,128,67,0,0.395,93.26,62,3,8.0,3.7,77,5,36.6,0,0,0,0,16,7.7,43.6,3.8,baseline
USR_005,2024-01-16,15,3,Tuesday,False,False,5974,7.9,93,55,0,66,70,0,0.424,74.39,66,4,6.8,4.2,71,4,41.4,0,0,0,0,27,28.1,42.5,6.6,baseline
USR_005,2024-01-17,16,3,Wednesday,False,False,6000,7.4,74,62,0,79,71,0,0.425,106.24,54,3,6.7,4.2,72,4,36.6,0,0,1,0,27,29.0,45.9,6.1,baseline
USR_005,2024-01-18,17,3,Thursday,False,False,6488,7.1,67,59,0,78,64,0,0.46,87.75,46,5,7.3,4.5,71,1,48.9,0,0,0,0,27,29.7,47.4,6.6,baseline
USR_005,2024-01-19,18,3,Friday,False,False,7355,7.5,100,61,0,87,64,0,0.421,91.45,77,3,7.7,4.5,66,5,33.0,0,0,0,0,24,26.4,42.4,8.9,baseline
USR_005,2024-01-20,19,3,Saturday,True,False,7031,7.5,85,56,1,144,76,0,0.434,113.0,56,6,7.5,3.5,70,0,14.5,0,0,0,0,18,5.9,42.8,7.1,baseline
USR_005,2024-01-21,20,3,Sunday,True,False,7952,7.3,87,63,0,86,65,0,0.47,104.01,75,4,8.2,4.8,65,3,14.5,0,0,1,0,26,26.5,40.9,9.4,baseline
USR_005,2024-01-22,21,4,Monday,False,False,7055,6.8,83,63,1,114,92,0,0.472,85.9,70,5,6.9,3.8,61,3,41.8,0,0,0,0,18,9.9,37.8,11.3,baseline
USR_005,2024-01-23,22,4,Tuesday,False,False,6238,6.8,90,60,1,110,66,0,0.433,84.86,84,3,8.6,4.1,65,2,47.4,0,0,0,0,19,11.4,40.6,9.4,baseline
USR_005,2024-01-24,23,4,Wednesday,False,False,6578,6.4,86,63,0,54,70,0,0.445,102.71,77,2,7.3,3.5,66,2,46.1,0,0,0,0,26,32.7,38.2,8.9,baseline
USR_005,2024-01-25,24,4,Thursday,False,True,4363,6.6,67,57,0,39,87,0,0.271,108.78,44,2,7.8,3.9,64,3,40.7,0,0,0,1,32,35.5,55.6,9.9,baseline
USR_005,2024-01-26,25,4,Friday,False,True,3984,7.4,86,63,0,51,82,0,0.339,98.26,34,4,6.0,3.8,64,2,40.3,0,0,2,1,32,33.2,54.7,9.9,baseline
USR_005,2024-01-27,26,4,Saturday,True,False,8102,7.4,80,62,0,89,67,0,0.488,106.23,77,9,6.8,3.7,62,0,20.3,0,0,0,0,24,25.2,36.7,10.8,baseline
USR_005,2024-01-28,27,4,Sunday,True,False,6281,7.9,81,61,1,129,57,0,0.401,95.28,66,5,6.1,3.6,74,0,21.4,0,0,0,0,18,9.5,41.9,5.2,baseline
USR_005,2024-01-29,28,5,Monday,False,False,5330,7.3,78,58,1,125,83,0,0.454,115.34,79,4,7.7,4.0,68,2,39.5,0,0,1,0,17,10.3,39.3,8.0,baseline
USR_005,2024-01-30,29,5,Tuesday,False,False,7902,7.1,79,60,1,136,69,0,0.427,76.67,63,3,7.6,4.2,63,3,38.7,0,0,1,0,19,6.2,43.2,10.4,baseline
USR_005,2024-01-31,30,5,Wednesday,False,False,6342,8.0,90,61,1,140,85,0,0.409,83.67,72,3,6.7,4.4,73,5,34.3,0,0,1,0,18,7.6,42.8,5.6,baseline
USR_005,2024-02-01,31,5,Thursday,False,False,5617,7.6,93,61,1,118,81,0,0.427,73.33,51,3,6.1,4.2,75,3,54.8,0,0,1,0,20,9.0,46.7,4.7,baseline
USR_005,2024-02-02,32,5,Friday,False,False,6484,6.8,78,61,1,105,65,0,0.522,83.85,90,7,7.4,4.2,69,0,26.8,0,0,0,0,17,11.3,36.5,7.5,baseline
USR_005,2024-02-03,33,5,Saturday,True,False,8150,7.9,89,56,1,154,67,0,0.503,96.83,65,2,6.8,5.1,69,3,20.8,0,0,0,0,17,4.1,41.6,7.5,baseline
USR_005,2024-02-04,34,5,Sunday,True,False,6562,7.6,96,59,0,88,51,0,0.459,82.87,77,5,8.1,3.2,65,2,18.5,0,0,0,0,26,29.6,36.6,9.4,baseline
USR_005,2024-02-05,35,6,Monday,False,False,5293,7.8,98,57,1,120,83,0,0.402,120.76,83,4,8.1,4.2,74,3,35.9,0,0,0,0,18,9.4,42.5,5.2,baseline
USR_005,2024-02-06,36,6,Tuesday,False,False,6321,7.3,85,56,0,78,75,0,0.477,93.36,84,7,8.4,3.9,62,5,35.8,0,0,1,0,27,28.3,37.8,10.8,baseline
USR_005,2024-02-07,37,6,Wednesday,False,False,6580,6.5,91,60,1,104,95,0,0.494,94.79,72,3,7.6,4.0,72,2,30.4,0,0,2,0,18,11.5,37.3,6.1,baseline
USR_005,2024-02-08,38,6,Thursday,False,True,4672,7.1,90,64,1,113,84,0,0.344,88.01,29,5,8.8,3.4,63,6,53.3,0,0,2,1,25,13.5,54.7,10.4,baseline
USR_005,2024-02-09,39,6,Friday,False,True,4289,7.3,80,61,0,62,93,0,0.326,103.79,30,6,8.7,4.1,52,0,40.2,1,25,1,2,42,32.6,57.4,45.5,baseline
USR_005,2024-02-10,40,6,Saturday,True,True,4154,7.5,96,56,1,114,87,0,0.316,81.95,42,3,5.7,3.5,63,0,17.9,0,0,2,1,23,11.7,52.7,10.4,baseline
USR_005,2024-02-11,41,6,Sunday,True,False,7449,7.1,83,63,0,96,77,0,0.417,106.54,71,6,6.9,4.3,67,0,12.7,0,0,1,0,28,27.7,42.0,8.5,baseline
USR_005,2024-02-12,42,7,Monday,False,False,5737,8.0,91,57,0,71,78,0,0.399,75.46,69,7,7.9,4.2,71,2,35.4,0,0,0,0,28,28.5,42.9,6.6,decline
USR_005,2024-02-13,43,7,Tuesday,False,False,5917,7.3,93,59,0,74,54,0,0.451,99.94,71,5,6.5,5.1,67,5,58.8,0,1,0,0,28,31.4,42.8,8.9,decline
USR_005,2024-02-14,44,7,Wednesday,False,False,7995,7.1,92,60,1,134,71,0,0.513,76.5,74,2,6.6,3.9,61,4,32.7,0,2,1,0,15,5.9,36.0,12.1,decline
USR_005,2024-02-15,45,7,Thursday,False,False,4795,7.3,83,59,0,62,70,0,0.415,99.84,75,2,6.9,4.9,66,1,46.8,0,2,1,0,29,31.3,44.0,9.7,decline
USR_005,2024-02-16,46,7,Friday,False,False,6574,7.3,76,58,1,118,70,0,0.414,69.53,72,2,6.5,4.4,72,2,42.1,0,3,1,0,18,7.8,42.5,7.3,decline
USR_005,2024-02-17,47,7,Saturday,True,False,7317,6.8,91,58,1,107,82,0,0.428,95.84,69,3,7.2,4.0,67,2,13.9,0,4,2,0,20,8.6,40.9,10.1,decline
USR_005,2024-02-18,48,7,Sunday,True,False,5216,7.7,85,61,0,68,71,0,0.438,128.38,58,5,7.2,4.1,67,1,14.7,0,5,2,0,27,29.8,43.8,10.5,decline
USR_005,2024-02-19,49,8,Monday,False,False,6586,6.3,86,62,0,60,59,0,0.39,80.69,69,5,7.2,4.0,71,2,60.5,0,6,2,0,29,34.5,42.8,9.0,decline
USR_005,2024-02-20,50,8,Tuesday,False,False,6403,6.8,69,59,0,62,64,0,0.437,91.36,67,3,7.7,4.3,65,4,50.5,0,7,1,0,29,31.3,41.9,12.2,decline
USR_005,2024-02-21,51,8,Wednesday,False,False,6402,6.4,69,66,0,54,57,0,0.38,104.1,57,3,6.4,4.7,67,3,37.1,0,9,0,0,36,35.7,48.8,12.1,decline
USR_005,2024-02-22,52,8,Thursday,False,False,5758,6.9,80,66,1,99,52,0,0.454,78.02,75,2,7.1,4.4,64,2,47.2,0,8,1,0,22,15.4,40.5,13.1,decline
USR_005,2024-02-23,53,8,Friday,False,False,5334,6.3,74,58,1,103,62,0,0.426,96.15,60,4,5.3,5.3,64,1,46.0,0,9,0,0,23,16.1,47.5,13.5,decline
USR_005,2024-02-24,54,8,Saturday,True,False,5254,7.2,68,58,1,120,42,0,0.459,91.22,73,2,6.2,5.3,66,2,17.2,0,11,2,0,23,14.9,43.0,13.3,decline
USR_005,2024-02-25,55,8,Sunday,True,True,4888,5.6,65,65,0,38,51,0,0.277,110.63,28,2,5.7,5.6,56,1,18.5,0,13,1,1,42,43.1,65.0,18.8,decline
USR_005,2024-02-26,56,9,Monday,False,True,4496,5.9,77,64,0,40,42,0,0.232,114.97,26,2,6.3,5.7,52,3,30.2,0,13,0,1,42,43.5,68.1,20.7,decline
USR_005,2024-02-27,57,9,Tuesday,False,True,3552,7.1,67,68,0,54,57,0,0.225,94.57,21,1,5.9,4.9,52,5,43.5,0,13,0,1,40,38.6,67.4,20.7,decline
USR_005,2024-02-28,58,9,Wednesday,False,True,3894,5.8,69,59,1,79,40,0,0.277,90.05,37,3,6.7,5.7,55,3,36.7,0,14,0,1,37,24.4,62.7,19.7,decline
USR_005,2024-02-29,59,9,Thursday,False,False,4085,6.4,58,63,0,36,54,0,0.36,84.86,59,2,5.9,6.3,67,5,47.7,0,13,1,0,38,40.0,54.0,13.7,decline
USR_005,2024-03-01,60,9,Friday,False,False,4708,6.3,66,56,0,39,49,0,0.351,116.83,51,2,5.6,5.4,61,3,36.3,0,15,0,0,38,39.2,54.1,17.3,decline
USR_005,2024-03-02,61,9,Saturday,True,False,5359,6.4,63,58,0,47,43,0,0.356,104.07,58,4,6.2,5.5,57,0,14.0,0,19,1,0,37,38.3,52.1,20.8,decline
USR_005,2024-03-03,62,9,Sunday,True,False,5003,7.0,75,63,1,122,47,0,0.274,100.02,60,3,5.9,5.7,61,2,15.8,0,20,1,0,29,16.4,56.3,19.3,decline
USR_005,2024-03-04,63,10,Monday,False,False,4716,5.7,66,56,1,88,42,0,0.364,97.81,54,1,4.3,5.8,61,3,29.3,0,18,0,0,31,23.0,53.8,18.5,decline
USR_005,2024-03-05,64,10,Tuesday,False,False,4056,5.4,66,63,0,40,47,0,0.331,90.93,40,3,5.8,5.3,56,2,28.1,0,19,1,0,43,45.7,57.9,21.2,decline
USR_005,2024-03-06,65,10,Wednesday,False,False,4762,5.4,67,57,1,88,38,0,0.315,122.39,40,2,5.8,5.4,56,2,28.8,0,23,1,0,34,24.8,59.0,22.8,decline
USR_005,2024-03-07,66,10,Thursday,False,False,5056,5.5,54,63,0,52,39,0,0.347,76.85,46,3,5.1,6.5,63,2,37.5,0,23,1,0,44,44.4,59.0,19.6,decline
USR_005,2024-03-08,67,10,Friday,False,False,4524,4.5,45,59,1,90,46,0,0.349,89.72,33,2,5.3,5.8,57,1,32.4,0,21,0,0,36,28.4,60.5,21.6,decline
USR_005,2024-03-09,68,10,Saturday,True,False,4063,5.3,61,61,0,38,34,0,0.303,86.33,38,3,5.4,5.5,58,2,15.1,0,21,0,0,42,47.5,60.5,21.1,decline
USR_005,2024-03-10,69,10,Sunday,True,False,5316,5.9,60,66,0,51,41,0,0.315,97.1,52,4,4.8,6.9,62,1,11.4,1,53,0,1,48,42.5,60.1,52.0,decline
USR_005,2024-03-11,70,11,Monday,False,False,3497,4.9,55,62,1,80,35,0,0.294,98.71,38,2,5.4,6.4,65,2,31.9,0,24,0,0,33,30.6,63.6,19.0,decline
USR_005,2024-03-12,71,11,Tuesday,False,False,4823,5.3,56,62,0,43,37,0,0.278,126.31,41,3,3.8,6.0,57,2,15.8,1,43,2,1,57,45.8,62.4,50.4,recovery
USR_005,2024-03-13,72,11,Wednesday,False,True,3590,5.1,56,60,0,29,30,0,0.188,84.15,10,2,5.3,6.7,48,2,41.2,0,24,2,1,54,49.7,77.8,27.0,recovery
USR_005,2024-03-14,73,11,Thursday,False,True,3277,5.4,71,57,0,28,43,0,0.213,111.52,18,4,5.0,6.3,48,5,30.0,0,23,1,1,47,47.1,73.1,26.6,recovery
USR_005,2024-03-15,74,11,Friday,False,False,4476,5.5,72,59,0,38,36,0,0.296,90.08,52,5,5.8,5.8,65,1,28.2,0,19,1,0,41,45.2,57.7,17.0,recovery
USR_005,2024-03-16,75,11,Saturday,True,False,3959,6.1,62,60,0,28,43,0,0.343,106.37,41,1,4.6,6.0,56,0,18.8,0,19,1,0,40,42.5,59.1,21.2,recovery
USR_005,2024-03-17,76,11,Sunday,True,False,4887,6.3,70,61,0,39,47,0,0.365,104.49,45,5,6.5,5.7,66,4,17.0,0,21,1,0,41,39.4,56.0,17.3,recovery
USR_005,2024-03-18,77,12,Monday,False,False,4843,6.4,71,64,0,41,39,0,0.356,107.09,53,1,5.8,5.8,57,4,28.6,0,15,0,0,36,40.9,54.5,19.2,recovery
USR_005,2024-03-19,78,12,Tuesday,False,False,4683,6.0,76,66,1,87,51,0,0.428,78.04,55,1,5.3,6.0,60,3,29.0,0,13,0,0,29,21.8,50.9,17.0,recovery
USR_005,2024-03-20,79,12,Wednesday,False,False,5677,6.1,83,57,1,103,59,0,0.353,77.08,61,7,6.1,4.8,61,2,31.7,0,14,2,0,26,16.8,49.3,16.9,recovery
USR_005,2024-03-21,80,12,Thursday,False,False,6078,6.3,80,60,0,57,48,0,0.344,93.14,66,4,6.7,5.4,65,3,42.2,0,11,3,0,36,36.6,50.1,13.8,recovery
USR_005,2024-03-22,81,12,Friday,False,False,4548,6.2,77,60,0,40,70,0,0.415,99.28,45,3,6.4,4.7,62,1,37.2,0,9,0,0,35,37.0,50.5,14.4,recovery
USR_005,2024-03-23,82,12,Saturday,True,False,6104,8.0,82,60,1,128,52,0,0.322,109.13,57,6,6.4,4.7,65,3,16.3,0,8,2,0,21,10.4,51.7,12.6,recovery
USR_005,2024-03-24,83,12,Sunday,True,False,6672,6.3,88,53,1,110,53,0,0.438,126.5,58,2,6.6,3.6,65,0,9.7,0,6,3,0,21,14.7,42.3,11.8,recovery
